create database case_study_database ;
use case_study_database;

create table trinh_do(
ma_trinh_do int  primary key auto_increment ,
ten_trinh_do varchar(45)
);
insert into trinh_do values (1, "Trung Cấp"),
(2, "Cao Đẳng"),
 (3, "Đại Học"),
(4, "Sau Đại Học");

create table vi_tri(
ma_vi_tri int primary key auto_increment,
ten_vi_tri varchar(45)
);

insert into  vi_tri values ("1", "Quản Lí"),
("2", "Nhân Viên");


create table bo_phan(
ma_bo_phan INT primary key auto_increment, 
ten_bo_phan VARCHAR(45)
);
insert into bo_phan values(1,	"Sale-Marketing"),
(2,"Hành chính"),
("3","Phục vụ"),
("4","Quản lý");

create table nhan_vien(
ma_nhan_vien INT primary key  auto_increment,
ho_ten VARCHAR(45),
ngay_sinh DATE not null,
so_cmnd VARCHAR(45)not null,
luong DOUBLE not null,
so_dien_thoai VARCHAR(45) not null,
email VARCHAR(45),
dia_chi VARCHAR(45),
ma_vi_tri INT,
ma_trinh_do INT,
ma_bo_phan INT,
foreign key (ma_vi_tri) references vi_tri(ma_vi_tri),
foreign key (ma_trinh_do) references trinh_do(ma_trinh_do),
foreign key (ma_bo_phan) references bo_phan(ma_bo_phan)
);

insert into nhan_vien (ma_nhan_vien,ho_ten,ngay_sinh,so_cmnd,luong,so_dien_thoai,email,dia_chi,ma_vi_tri,ma_trinh_do,ma_bo_phan)values(1, "Nguyễn Văn An", "1970-11-07","456231786", 10000000, "0123456789", "annguyen@gmail.com", "295 Nguyễn Tất Thành, Đà Nẵng", 1, 3, 1),
(2, "Lê Văn Bình", "1997-04-09", "654231234", 7000000, "0984534758", "binhlv@gmail.com", "22 Yên Bái, Đà Nẵng", 1, 2, 2),
(3, "Hồ Thị Yến", "1995-12-12", "999231723", 14000000, "0456764542", "thiyen@gmail.com", "K234/11 Điện Biên Phủ, Gia Lai", 1, 3, 2),
(4, "Võ Công Toản", "1980-04-04", "123231365", 17000000, "0379853432", "toan0404@gmail.com", "77 Hoàng Diệu, Quảng Trị", 1, 4, 4),
(5, "Nguyễn Bỉnh Phát", "1999-12-09", "454363232", 6000000, "0902433454", "phatphat@gmail.com", "43 Yên Bái, Đà Nẵng", 2, 1, 1),
(6, "Khúc Nguyễn An Nghi", "2000-11-08", "964542311", 7000000, "0978650000", "annghi20@gmail.com", "294 Nguyễn Tất Thành, Đà Nẵng", 2, 2, 3),
(7, "Nguyễn Hữu Hà", "1993-01-01", "534323231", 8000000, "0941234553", "nhh0101@gmail.com", "4 Nguyễn Chí Thanh, Huế", 2, 3, 2),
(8, "Nguyễn Hà Đông", "1989-09-03", "234414123", 9000000, "0642123111", "donghanguyen@gmail.com", "11 Hùng Vương, Hà Nội", 2, 4, 4),
(9, "Tòng Hoang", "1982-09-03", "256781231", 6000000, "0245144444", "hoangtong@gmail.com", "213 Hàm Nghi, Đà Nẵng", 2, 4, 4),
(10, "Nguyễn Công Đạo", "1994-01-08", "755434343", 8000000, "0988767111", "nguỹenongdao12@gmail.com", "6 Hoà Khánh, Đồng Nai", 2, 3, 2);

create table loai_khach(
ma_loai_khach int primary key auto_increment,
ten_loai_khach_hang varchar(45)
);

insert into loai_khach(ten_loai_khach_hang) values 
("Diamond"),
("Platinium"),
("Gold"),
("Silver"),
("Member");

create table khach_hang(
ma_khach_hang INT primary key auto_increment,
ma_loai_khach INT,
ho_ten VARCHAR(45) not null,
ngay_sinh DATE not null,
gioi_tinh BIT(1) not null,
so_cmnd varchar(45) not null,
so_dien_thoai varchar(45) not null,
email VARCHAR(45),
dia_chi VARCHAR(45),
foreign key (ma_loai_khach) references loai_khach(ma_loai_khach)
);

insert into khach_hang (ho_ten,ngay_sinh,gioi_tinh,so_cmnd,so_dien_thoai,email,dia_chi, ma_loai_khach) value
("Nguyễn Thị Hào","1970-11-07",b'0',"643431213","0945423362","thihao07@gmail.com","23 Nguyễn Hoàng,Đà Nẵng",5),
("Phạm Xuân Diệu","1992-08-08",b'1',"865342123","0954333333","xuandieu92@gmail.com","K77/22 Thái Phiên, Quảng Trị",3),
("Trương Đình Nghệ","1990-02-27",b'1',"488645199","0373213122","nghenhan2702@gmail.com","K323/12 Ông Ích Khiêm, Vinh",1),
("Dương Văn Quan","1981-07-08",b'1',"543432111","0490039241","duongquan@gmail.com","K453/12 Lê Lợi, Đà Nẵng",1),
("Hoàng Trần Nhi Nhi","1995-12-09",b'0',"795453345","0312345678","nhinhi123@gmail.com","224 Lý Thái Tổ, Gia Lai",4),
("Tôn Nữ Mộc Châu","2005-12-06",b'0',"732434215","0988888844","tonnuchau@gmail.com","37 Yên Thế, Đà Nẵng",4),
("Nguyễn Mỹ Kim","1984-04-08",b'0',"856453123","0912345698","kimcuong84@gmail.com","K123/45 Lê Lợi, Hồ Chí Minh",1),
("Nguyễn Thị Hào","1999-04-08",b'0',"965656433","0763212345","haohao99@gmail.com","55 Nguyễn Văn Linh, Kon Tum",3),
("Trần Đại Danh","1994-07-01",b'1',"432341235","0643343433","danhhai99@gmail.com","24 Lý Thường Kiệt, Quảng Ngãi",1),
("Nguyễn Tâm Đắc","1989-07-01",b'1',"344343432","0987654321","tdactam@gmail.com","22 Ngô Quyền, Đà Nẵng",2);


create table kieu_thue (
ma_kieu_thue int primary key auto_increment ,
ten_kieu_thue varchar(45)
);

insert into kieu_thue(ma_kieu_thue,ten_kieu_thue) values
(1,'year'),
(2,'month'),
(3,'day'),
(4,'hour');

create table loai_dich_vu(
ma_loai_dich_vu int primary key auto_increment ,
ten_loai_dich_vu varchar(45)
);


insert into loai_dich_vu(ma_loai_dich_vu,ten_loai_dich_vu) values
(1,"Villa"),
(2,'House'),
(3,'Room');

create table dich_vu(
ma_dich_vu int primary key auto_increment,
 ten_dich_vu varchar(45) not null,
 dien_tich int,
 chi_phi_thue double not null,
 so_nguoi_toi_da int ,
 ma_kieu_thue int,
 ma_loai_dich_vu int,
 tieu_chuan_phong varchar(45),
 mo_ta_tien_nghi_khac varchar(45),
 dien_tich_ho_boi double,
 so_tang int ,
 foreign key(ma_loai_dich_vu) references loai_dich_vu(ma_loai_dich_vu),
 foreign key(ma_kieu_thue) references kieu_thue(ma_kieu_thue)
);
insert into dich_vu(ten_dich_vu, dien_tich, chi_phi_thue, so_nguoi_toi_da,tieu_chuan_phong,mo_ta_tien_nghi_khac,dien_tich_ho_boi,so_tang,ma_kieu_thue,ma_loai_dich_vu)
 value("Villa Beach Front","25000",10000000,10,"vip","Có hồ bơi",500,4,3,1),
("House Princess 01","14000",5000000,7,"vip","Có thêm bếp nướng",null,3,2,2),
("Room Twin 01","5000",1000000,2,"vip","Có tivi",null,null,4,3),
("Villa No Beach Front","22000",9000000,8,"normal","Có hồ bơi",300,3,3,1),
("House Princess 02","10000",4000000,5,"normal","Có thêm bếp nướng",null,2,3,2),
("Room Twin 02","3000",900000,2,"normal","Có tivi",null,null,4,3);
-- delete from dich_vu where ma_dich_vu=18;

create table hop_dong(
ma_hop_dong int primary key  auto_increment,
ngay_lam_hop_dong datetime ,
ngay_ket_thuc datetime ,
tien_dat_coc double,
ma_nhan_vien int ,
ma_khach_hang int ,
ma_dich_vu int,
foreign key (ma_nhan_vien) references nhan_vien(ma_nhan_vien),
foreign key (ma_khach_hang) references khach_hang(ma_khach_hang),
foreign key (ma_dich_vu) references dich_vu(ma_dich_vu)
);
insert into case_study_database.hop_dong(ma_hop_dong, ngay_lam_hop_dong, ngay_ket_thuc ,tien_dat_coc,ma_nhan_vien,ma_khach_hang,ma_dich_vu)
value (1,"2020-12-08","2020-12-08",0,3,1,3),
(2,"2020-07-14","2020-07-21",200000,7,3,1),
(3,"2021-03-15","2021-03-17",50000,7,3,1),
(4,"2021-01-14","2021-01-18",100000,7,5,5),
(5,"2021-01-14","2021-01-15",0,7,2,6),
(6,"2021-06-01","2021-06-03",0,7,7,6),
(7,"2021-06-01","2021-06-05",100000,7,4,4),
(8,"2021-06-17","2021-06-18",150000,3,4,1),
(9,"2020-11-19","2020-11-19",0,3,4,3),
(10,"2021-04-12","2021-04-14",0,10,3,5),
(11,"2021-04-25","2021-04-25",0,2,2,1),
(12,"2021-05-25","2021-05-25",0,7,10,1);

create table dich_vu_di_kem(
ma_dich_vu_di_kem int primary key ,
ten_dich_vu_di_kem varchar(45) not null,
 gia double not null,
 don_vi varchar(45) not null,
 trang_thai varchar(45)
);
insert into dich_vu_di_kem(ma_dich_vu_di_kem,ten_dich_vu_di_kem,gia, don_vi,trang_thai)
 value (1,"massage",10000,"giờ","tiện nghi" ),
		(2,"karaoke",5000,"giờ","tiện nghi, hiện tại" ),
        (3,"thức ăn",15000,"suất","đầy đủ đồ ăn, tráng miệng"),
        (4,"nước uống",7000,"chai","đầy đủ đồ uống"),
        (5,"thuê xe",50000,"chiếc","hỏng 1 chiếc");

create table hop_dong_chi_tiet(
ma_hop_dong_chi_tiec int primary key ,
ma_hop_dong int ,
ma_dich_vu_di_kem int ,
so_luong int not null ,
foreign key (ma_hop_dong) references hop_dong (ma_hop_dong),
foreign key (ma_dich_vu_di_kem) references dich_vu_di_kem(ma_dich_vu_di_kem)
);
insert into hop_dong_chi_tiet(ma_hop_dong_chi_tiec,so_luong,ma_hop_dong,ma_dich_vu_di_kem)
values(1,5, 2, 4),
(2,8, 2, 5),
(3,15, 2, 5),
(4,1, 3, 1),
(5,11, 3, 2),
(6,1, 1, 3),
(7,2, 1, 2),
(8,2, 12, 2);
-- SELECT * FROM case_study_database.hop_dong_chi_tiet;


-- 2.ok 	Hiển thị thông tin của tất cả nhân viên có trong hệ thống có tên bắt đầu là một trong các ký tự “H”, “T” hoặc “K” và có tối đa 15 kí tự.
select * from nhan_vien where ho_ten like 'h%' or ( ho_ten like 'k%'or ho_ten like 't%') and length(ho_ten)<=15  ;

-- 3.ok 	Hiển thị thông tin của tất cả khách hàng có độ tuổi từ 18 đến 50 tuổi và có địa chỉ ở “Đà Nẵng” hoặc “Quảng Trị”.
select * from khach_hang where ((year(now())-year(ngay_sinh)) between 18 and 50 )and ( dia_chi like "%Đà Nẵng" or dia_chi like "%Quảng Trị");

-- 4.ok  	Đếm xem tương ứng với mỗi khách hàng đã từng đặt phòng bao nhiêu lần.
-- Kết quả hiển thị được sắp xếp tăng dần theo số lần đặt phòng của khách hàng.
-- Chỉ đếm những khách hàng nào có Tên loại khách hàng là “Diamond”.

select k.ma_khach_hang, k.ho_ten, count(*) as "so_lan_dat" from khach_hang k
join hop_dong h on k.ma_khach_hang= h.ma_khach_hang
join loai_khach l on k.ma_loai_khach= l.ma_loai_khach
where ten_loai_khach_hang like "%Diamond"
group by k.ma_khach_hang
order by so_lan_dat  ;

-- 5.ok  k.ma_khach_hang,k.ho_ten,l.ten_loai_khach_hang, h.ma_hop_dong, d.ten_dich_vu, h.ngay_lam_hop_dong ,h.ngay_ket_thuc
-- (Với tổng tiền được tính theo công thức như sau: Chi Phí Thuê + Số Lượng * Giá, với Số Lượng và Giá là từ bảng dich_vu_di_kem, 
-- hop_dong_chi_tiet) cho tất cả các khách hàng đã từng đặt phòng. (những khách hàng nào chưa từng đặt phòng cũng phải hiển thị ra).

select 
k.ma_khach_hang,k.ho_ten,l.ten_loai_khach_hang, h.ma_hop_dong, d.ten_dich_vu, h.ngay_lam_hop_dong ,h.ngay_ket_thuc
, sum(d.chi_phi_thue+(hd.so_luong*dv.gia))as "tổng tiền" 
from loai_khach l
left join khach_hang k 
on l.ma_loai_khach= k.ma_loai_khach
left join hop_dong h
 on k.ma_khach_hang= h.ma_khach_hang
left join  dich_vu d
 on h.ma_dich_vu= d.ma_dich_vu
left join hop_dong_chi_tiet hd
 on h.ma_hop_dong = hd.ma_hop_dong
left join dich_vu_di_kem dv 
 on hd.ma_dich_vu_di_kem= dv.ma_dich_vu_di_kem
group by h.ma_hop_dong 
;

-- 6.ok Hiển thị ma_dich_vu, ten_dich_vu, dien_tich, chi_phi_thue, ten_loai_dich_vu của tất cả các loại dịch vụ 
-- chưa từng được khách hàng thực hiện đặt từ quý 1 của năm 2021 (Quý 1 là tháng 1, 2, 3).
-- d.ma_dich_vu,d.ten_dich_vu, d.dien_tich ,d.chi_phi_thue, l.ten_loai_dich_vu        and  month(ngay_lam_hop_dong)<4
select d.ma_dich_vu,d.ten_dich_vu, d.dien_tich ,d.chi_phi_thue, l.ten_loai_dich_vu from dich_vu d   
left join hop_dong h on d.ma_dich_vu = h.ma_dich_vu 
 join loai_dich_vu l on d.ma_loai_dich_vu = l.ma_loai_dich_vu 
where d.ma_dich_vu not in (select hop_dong.ma_dich_vu from hop_dong where month(hop_dong.ngay_lam_hop_dong) <4 and year(hop_dong.ngay_lam_hop_dong) = 2021)
group by h.ma_dich_vu;

-- 7.ok 	Hiển thị thông tin ma_dich_vu, ten_dich_vu, dien_tich, so_nguoi_toi_da, chi_phi_thue,
--  ten_loai_dich_vu của tất cả các loại dịch vụ
--  đã từng được khách hàng đặt phòng trong năm 2020 nhưng chưa từng được khách hàng đặt phòng trong năm 2021.

select d.ma_dich_vu,d.ten_dich_vu, d.dien_tich ,d.chi_phi_thue, l.ten_loai_dich_vu
 from dich_vu d   
left join hop_dong h 
on d.ma_dich_vu = h.ma_dich_vu 
 join loai_dich_vu l
 on d.ma_loai_dich_vu = l.ma_loai_dich_vu 
where d.ma_dich_vu not  in (
select hop_dong.ma_dich_vu from hop_dong
where year(hop_dong.ngay_lam_hop_dong) != 2020 and (year(hop_dong.ngay_lam_hop_dong)=2021 ))
group by h.ma_dich_vu;

-- 8.ok 	Hiển thị thông tin ho_ten khách hàng có trong hệ thống, với yêu cầu ho_ten không trùng nhau.
select
 ho_ten 
from khach_hang union 
select ho_ten from khach_hang ;
select DISTINCT ho_ten from khach_hang;
select ho_ten from khach_hang group by  ho_ten;

-- 9.ok  Thực hiện thống kê doanh thu theo tháng, nghĩa là tương ứng với mỗi 
-- tháng trong năm 2021 thì sẽ có bao nhiêu khách hàng thực hiện đặt phòng.
select month(ngay_lam_hop_dong) , count(h.ma_khach_hang) as 'so_luong_khach_hang'
from hop_dong h
 where year(h.ngay_lam_hop_dong) = 2021
group by month(h.ngay_lam_hop_dong) ;

-- 10.ok	Hiển thị thông tin tương ứng với từng hợp đồng thì đã sử dụng bao nhiêu dịch vụ đi kèm.
-- Kết quả hiển thị bao gồm ma_hop_dong, ngay_lam_hop_dong, ngay_ket_thuc, tien_dat_coc, so_luong_dich_vu_di_kem
--  (được tính dựa trên việc sum so_luong ở dich_vu_di_kem).

select h.ma_hop_dong, h.ngay_lam_hop_dong, h.ngay_ket_thuc, h.tien_dat_coc , sum(hd.so_luong) as 'số lượng' from hop_dong h 
left join hop_dong_chi_tiet hd on h.ma_hop_dong= hd.ma_hop_dong
group by h.ma_hop_dong  ;

-- 11.ok	Hiển thị thông tin các dịch vụ đi kèm đã được sử dụng bởi những khách hàng 
-- có ten_loai_khach là “Diamond”
--  và có dia_chi ở “Vinh” hoặc “Quảng Ngãi”.
select
dvdk.ma_dich_vu_di_kem, dvdk.ten_dich_vu_di_kem
From
	dich_vu_di_kem dvdk
	left join hop_dong_chi_tiet hdct
		ON hdct.ma_dich_vu_di_kem = dvdk.ma_dich_vu_di_kem
	left join hop_dong hd
		ON hd.ma_hop_dong = hdct.ma_hop_dong
	left join khach_hang kh
		ON kh.ma_khach_hang = hd.ma_khach_hang
	left join loai_khach lk
		ON kh.ma_loai_khach = lk.ma_loai_khach
where
( kh.dia_chi like '%Vinh%' or kh.dia_chi like '%Quảng Ngãi%' )
AND lk.ten_loai_khach_hang = 'Diamond';

-- 12.ok	Hiển thị thông tin ma_hop_dong, ho_ten (nhân viên), ho_ten (khách hàng), so_dien_thoai (khách hàng), ten_dich_vu, 
-- so_luong_dich_vu_di_kem (được tính dựa trên việc sum so_luong ở dich_vu_di_kem), tien_dat_coc của tất cả các dịch vụ 
-- đã từng được khách hàng đặt vào 3 tháng cuối năm 2020 nhưng chưa từng được khách hàng đặt vào 6 tháng đầu năm 2021.
select
* , sum(hdct.so_luong)
from nhan_vien nv 
    left join hop_dong hd 
		on nv.ma_nhan_vien = hd.ma_nhan_vien
	left join  khach_hang kh 
		on hd.ma_khach_hang= kh.ma_khach_hang
	left join dich_vu dv
		on hd.ma_dich_vu= dv.ma_dich_vu
	left join hop_dong_chi_tiet hdct
		on hd.ma_hop_dong = hdct.ma_hop_dong
        where ((month(ngay_lam_hop_dong) between 10 and 12 )and  year(ngay_lam_hop_dong)= 2020)
        and not ((month(ngay_lam_hop_dong) between 1 and 6 )and  year(ngay_lam_hop_dong)= 2021)
group by hd.ma_hop_dong ;


-- 13.ok  	Hiển thị thông tin các Dịch vụ đi kèm được sử dụng nhiều nhất
-- bởi các Khách hàng đã đặt phòng.
-- (Lưu ý là có thể có nhiều dịch vụ có số lần sử dụng nhiều như nhau).
-- dvdk.ma_dich_vu_di_kem	,
--   dvdk.ten_dich_vu_di_kem
select 
dvdk.ma_dich_vu_di_kem	,
  dvdk.ten_dich_vu_di_kem
   ,sum(hdct.so_luong) as so_lan_su_dung
from dich_vu dv
	left join hop_dong hd 
		on dv.ma_dich_vu= hd.ma_dich_vu 
	left join hop_dong_chi_tiet hdct
		on hd.ma_hop_dong= hdct.ma_hop_dong
	left join dich_vu_di_kem dvdk
		on hdct.ma_dich_vu_di_kem =dvdk.ma_dich_vu_di_kem
	group by dvdk.ma_dich_vu_di_kem
	order by so_lan_su_dung desc 
    limit 1 

    ;

-- 14.ok 	Hiển thị thông tin tất cả các Dịch vụ đi kèm chỉ mới được sử dụng một lần duy nhất
-- . Thông tin hiển thị bao gồm ma_hop_dong, ten_loai_dich_vu, ten_dich_vu_di_kem, so_lan_su_dung
--  (được tính dựa trên việc count các ma_dich_vu_di_kem).
--
select 
hd.ma_hop_dong, ldv.ten_loai_dich_vu,  dvdk.ten_dich_vu_di_kem
,count(dvdk.ma_dich_vu_di_kem) as 'so_lan_su_dung'
	from loai_dich_vu ldv
 join dich_vu dv
	on dv.ma_loai_dich_vu= ldv.ma_loai_dich_vu
join hop_dong hd
	on dv.ma_dich_vu = hd.ma_dich_vu
join hop_dong_chi_tiet hdct
	on hd.ma_hop_dong=hdct.ma_hop_dong
join dich_vu_di_kem dvdk
	on hdct.ma_dich_vu_di_kem= dvdk.ma_dich_vu_di_kem
group by dvdk.ma_dich_vu_di_kem
	having so_lan_su_dung= 1 ;



-- 15.ok	Hiển thi thông tin của tất cả nhân viên bao gồm ma_nhan_vien,
-- ho_ten, ten_trinh_do, ten_bo_phan, so_dien_thoai, dia_chi mới chỉ lập
-- được tối đa 3 hợp đồng từ năm 2020 đến 2021.
-- where  ma_hop_dong<3 and year(ngay_lam_hop_dong) between 2010 and 2021 
select 
nv.ma_nhan_vien, nv.ho_ten, td.ten_trinh_do, bp.ten_bo_phan, nv.so_dien_thoai, nv.dia_chi, count(nv.ma_nhan_vien)  as a 
from nhan_vien nv 
left join hop_dong hd 
on nv.ma_nhan_vien= hd.ma_nhan_vien
join trinh_do td on  nv.ma_trinh_do= td.ma_trinh_do
join bo_phan bp on nv.ma_bo_phan= bp.ma_bo_phan
where   year(ngay_lam_hop_dong) between 2010 and 2021 
group by nv.ma_nhan_vien
having a < 3 ;



-- 16.ok Xóa những Nhân viên chưa từng lập được hợp đồng nào từ năm 2019 đến năm 2021. 

 create view w_xoa_nhan_vien as
select 
	nv.ma_nhan_vien
from nhan_vien nv 
	left join  hop_dong hd 
on nv.ma_nhan_vien= hd.ma_nhan_vien and
	year(hd.ngay_lam_hop_dong) between 2019 and 2021 
group by nv.ma_nhan_vien
having count(hd.ma_hop_dong) = 0;


set sql_safe_updates = 0;
delete from nhan_vien where ma_nhan_vien in 
(
select * from  w_xoa_nhan_vien
);
	set sql_safe_updates = 1;
    
-- 17.ok	Cập nhật thông tin những khách hàng có ten_loai_khach từ Platinum lên Diamond, 
-- chỉ cập nhật những khách hàng đã từng đặt phòng với Tổng Tiền thanh toán trong năm 2021 là lớn hơn 10.000.000 VNĐ. 

create  view w_update_customersn as
select 
k.ma_khach_hang,l.ten_loai_khach_hang, h.ngay_lam_hop_dong 
, sum(d.chi_phi_thue+(hd.so_luong*dv.gia)) as tong_tien
from loai_khach l
left join khach_hang k 
on l.ma_loai_khach= k.ma_loai_khach
left join hop_dong h
 on k.ma_khach_hang= h.ma_khach_hang
left join  dich_vu d
 on h.ma_dich_vu= d.ma_dich_vu
left join hop_dong_chi_tiet hd
 on h.ma_hop_dong = hd.ma_hop_dong
left join dich_vu_di_kem dv 
 on hd.ma_dich_vu_di_kem= dv.ma_dich_vu_di_kem
group by h.ma_hop_dong 
 having tong_tien > 10000000 and  ten_loai_khach_hang like '%Platinum' and  year(ngay_lam_hop_dong)= 2021; 
UPDATE khach_hang
SET ma_loai_khach  = 1
WHERE ma_khach_hang  = (select ma_khach_hang from w_update_customersn);

drop view w_update_customersn;
select * from w_update_customersn; 


-- 18.	Xóa những khách hàng có hợp đồng trước năm 2021 ( chú ý ràng buộc giữa các bảng ).







create view xoa_khach_hang_co_hop_dong_truoc_2021
as 
select kh.ma_khach_hang, kh.ho_ten
from khach_hang  kh 
left join hop_dong hd on kh.ma_khach_hang = hd.ma_khach_hang 
where year(ngay_lam_hop_dong)< 2021;

set sql_safe_updates =0;
set foreign_key_check = 0;
delete from khach_hang where ma_khach_hang in
(
 select ma_khach_hang from  xoa_khach_hang_co_hop_dong_truoc_2021
);
set foreign_key_check = 1;
set sql_safe_updates =1;

-- 19.	Cập nhật giá cho các dịch vụ đi kèm được sử dụng trên 10 lần trong năm 2020 lên gấp đôi
create view cap_nhap_gia as 
select 
dvdk.ma_dich_vu_di_kem ,hdct.so_luong
 from 
hop_dong  hd
 left join  hop_dong_chi_tiet hdct 
	on hd.ma_hop_dong = hdct.ma_hop_dong
left join dich_vu_di_kem dvdk
	on dvdk.ma_dich_vu_di_kem = hdct.ma_dich_vu_di_kem
where year(ngay_lam_hop_dong) = 2020 and hdct.so_luong >10  
group by hd.ma_hop_dong ;

set sql_safe_updates= 0 ;
update dich_vu_di_kem set gia =(gia *2) 
where ma_dich_vu_di_kem = (select ma_dich_vu_di_kem from cap_nhap_gia );
set sql_safe_updates= 1 ;



select * from cap_nhap_gia
-- 20. Hiển thị thông tin của tất cả các nhân viên và khách hàng có trong hệ thống,
--  thông tin hiển thị bao gồm id(ma_nhan_vien, ma_khach_hang), ho_ten, email, so_dien_thoai, ngay_sinh, dia_chi.

delimiter // 
create procedure lay_tat_ca_thong_tin()
begin
 select 
ho_ten,	email,so_dien_thoai,ngay_sinh,dia_chi
from  nhan_vien
union all
select 
ho_ten,	email,so_dien_thoai, ngay_sinh,dia_chi
from  khach_hang ;
end//
delimiter ;

call lay_tat_ca_thong_tin;

drop procedure lay_tat_ca_thong_tin;


-- 21.	Tạo khung nhìn có tên là v_nhan_vien để lấy được thông tin của tất cả các nhân viên
--  có địa chỉ là “Hải Châu” và đã từng lập hợp đồng cho một hoặc nhiều khách hàng bất
-- kì với ngày lập hợp đồng là “12/12/2019”.







